"RUNNO","TRNO","R","O","P","CR","MODEL","EXNAME","TNAM","FNAM","WSTA","WYEAR","SOIL_ID","XLAT","LONG","ELEV","SDAT","PDAT","EDAT","ADAT","MDAT","HDAT","HYEAR","DWAP","CWAM","HWAM","HWAH","BWAH","PWAM","HWUM","HAM","HUM","HIAM","LAIX","EYLDH","FCWAM","FHWAM","HWAHF","FBWAH","FPWAM","IRM","IRCM","PRCM","ETCM","EPCM","ESCM","ROCM","DRCM","SWXM","NIM","NICM","NFXM","NUCM","NLCM","NIAM","NMINC","CNAM","GNAM","N2OEM","PIM","PICM","PUPC","SPAM","KIM","KICM","KUPC","SKAM","RECM","ONTAM","ONAM","OPTAM","OPAM","OCTAM","OCAM","CO2EM","CH4EM","DMPPM","DMPEM","DMPTM","DMPIM","YPPM","YPEM","YPTM","YPIM","DPNAM","DPNUM","YPNAM","YPNUM","NDCH","TMAXA","TMINA","SRADA","DAYLA","CO2A","PRCP","ETCP","ESCP","EPCP","CRST"
1,1,1,1,1,"WH","WHAPS048","BADI1701","ND_Bari_Gom_26_sd_1_R1","BADI001","BADI1701",2017,"BD03338263",52.4,5.4,-4,2017324,2017329,2017333,2018041,2018080,2018080,2018,NA,12419,5157,5157,0,1893,32.43,15901,53,0.415,5.3,-99,NA,NA,NA,NA,NA,19,279,0,352,259,93,0,1,201,2,99,0,188,0,14,105,152,130,0.086,NA,NA,NA,NA,NA,NA,NA,NA,0,27283,27283,0,0,209500,209500,1198.7,1.4,NA,36.4,47.9,44.4,NA,15.1,19.9,18.5,125.4,66.1,52.1,27.4,116,25.6,13.3,13.4,11.8,407.4,NA,341,81.9,259.1,1
2,2,1,1,1,"WH","WHAPS048","BADI1701","ND_Bari_Gom_26_sd_2_R1","BADI001","BADI1701",2017,"BD03338263",52.4,5.4,-4,2017324,2017339,2017343,2018050,2018087,2018087,2018,NA,12203,4915,4915,0,2027,33.08,14861,49.5,0.403,5.5,-99,NA,NA,NA,NA,NA,20,291,0,375,272,103,0,1,190,2,99,0,195,0,15,113,156,133,0.094,NA,NA,NA,NA,NA,NA,NA,NA,0,27275,27275,0,0,209408,209408,1291.3,1.6,NA,34.5,44.9,41.9,NA,13.9,18.1,16.9,123.3,62.6,49.6,25.2,113,25.9,13.7,13.8,11.8,407.5,NA,353.3,81.2,272,1
3,3,1,1,1,"WH","WHAPS048","BADI1701","ND_Bari_Gom_26_sd_3_R1","BADI001","BADI1701",2017,"BD03338263",52.4,5.4,-4,2017324,2017349,2017354,2018057,2018094,2018094,2018,NA,11445,4652,4652,0,1947,34.75,13387,44.6,0.406,5.3,-99,NA,NA,NA,NA,NA,21,306,29,402,275,127,1,1,205,2,99,0,183,0,33,119,143,122,0.102,NA,NA,NA,NA,NA,NA,NA,NA,0,27269,27269,0,0,209317,209317,1381.5,1.7,393.3,31.4,41.7,37.4,159.9,12.7,16.9,15.2,115.6,62.5,47,25.4,110,26,14,14.2,11.8,407.5,29.1,365,90.4,274.6,1
4,4,1,1,1,"WH","WHAPS048","BADI1701","ND_Bari_Gom_26_sd_4_R1","BADI001","BADI1701",2017,"BD03338263",52.4,5.4,-4,2017324,2017359,2017364,2018064,2018101,2018101,2018,NA,10929,4487,4487,0,1943,35.77,12547,41.8,0.411,5.2,-99,NA,NA,NA,NA,NA,22,326,51,414,274,140,2,1,234,2,99,0,182,0,41,126,144,118,0.11,NA,NA,NA,NA,NA,NA,NA,NA,0,27262,27262,0,0,209223,209223,1476.2,1.9,326.3,30.2,39.9,33.6,133.9,12.4,16.4,13.8,110.4,60.1,45.3,24.7,107,26.5,14.5,14.6,11.8,407.6,33.5,361.4,87.5,273.9,1
5,5,1,1,1,"WH","WHAPS048","BADI1701","ND_Bari_Gom_26_sd_5_R1","BADI001","BADI1701",2017,"BD03338263",52.4,5.4,-4,2017324,2018004,2018011,2018071,2018107,2018107,2018,NA,9566,3978,3978,0,1590,33.74,11790,39.3,0.416,4.3,-99,NA,NA,NA,NA,NA,22,325,62,411,246,165,2,1,248,2,99,0,162,0,63,129,131,108,0.127,NA,NA,NA,NA,NA,NA,NA,NA,0,27260,27260,0,0,209125,209125,1574.2,2.2,181.5,28.1,38.9,29.4,75.5,11.7,16.2,12.2,96.6,59.1,40.2,24.6,103,27,15.2,14.9,11.9,407.6,52.7,339.9,93.9,246.1,1
6,6,1,1,1,"WH","WHAPS048","BADI1701","ND_Bari_Gom_30_sd_1_R1","BADI001","BADI1701",2017,"BD03338263",52.4,5.4,-4,2017324,2017329,2017333,2018043,2018082,2018082,2018,NA,12667,5113,5113,0,2155,33.72,15163,50.5,0.404,5.8,-99,NA,NA,NA,NA,NA,19,277,0,358,271,86,0,1,193,2,99,0,192,0,13,108,149,126,0.083,NA,NA,NA,NA,NA,NA,NA,NA,0,27280,27280,0,0,209476,209476,1223.1,1.7,NA,36.1,46.7,45.7,NA,14.6,18.8,18.5,127.9,66,51.6,26.6,118,25.7,13.4,13.5,11.8,407.4,NA,350.4,79,271.4,1
7,7,1,1,1,"WH","WHAPS048","BADI1701","ND_Bari_Gom_30_sd_2_R1","BADI001","BADI1701",2017,"BD03338263",52.4,5.4,-4,2017324,2017339,2017343,2018052,2018089,2018089,2018,NA,12386,4774,4774,0,2268,33.68,14175,47.3,0.385,5.9,-99,NA,NA,NA,NA,NA,20,292,19,383,280,103,0,1,202,2,99,0,199,0,14,116,152,128,0.091,NA,NA,NA,NA,NA,NA,NA,NA,0,27272,27272,0,0,209385,209385,1313.6,1.6,NA,34.4,44.2,42.4,NA,13.3,17,16.3,125.1,62.2,48.2,24,115,26,13.9,13.9,11.8,407.5,NA,359.9,79.8,280.1,1
8,8,1,1,1,"WH","WHAPS048","BADI1701","ND_Bari_Gom_30_sd_3_R1","BADI001","BADI1701",2017,"BD03338263",52.4,5.4,-4,2017324,2017349,2017354,2018059,2018095,2018095,2018,NA,11934,4616,4616,0,2250,34.71,13299,44.3,0.387,5.9,-99,NA,NA,NA,NA,NA,21,311,29,404,288,116,2,1,208,2,99,0,191,0,27,121,144,120,0.097,NA,NA,NA,NA,NA,NA,NA,NA,0,27267,27267,0,0,209313,209313,1385.7,1.7,410.1,32.5,41.5,38.4,158.6,12.6,16,14.8,120.5,62.5,46.6,24.2,111,26,14.1,14.2,11.8,407.5,29.1,367.7,79.9,287.8,1
9,9,1,1,1,"WH","WHAPS048","BADI1701","ND_Bari_Gom_30_sd_4_R1","BADI001","BADI1701",2017,"BD03338263",52.4,5.4,-4,2017324,2017359,2017364,2018065,2018102,2018102,2018,NA,11311,4424,4424,0,2127,35.83,12346,41.2,0.391,5.7,-99,NA,NA,NA,NA,NA,22,327,53,423,287,136,2,1,229,2,99,0,189,0,36,128,143,119,0.106,NA,NA,NA,NA,NA,NA,NA,NA,0,27260,27260,0,0,209215,209215,1484.1,1.9,221.4,30.7,39.4,34.6,86.6,12,15.4,13.5,114.3,59.8,44.7,23.4,108,26.5,14.6,14.6,11.8,407.6,51.1,368.2,80.8,287.4,1
10,10,1,1,1,"WH","WHAPS048","BADI1701","ND_Bari_Gom_30_sd_5_R1","BADI001","BADI1701",2017,"BD03338263",52.4,5.4,-4,2017324,2018004,2018011,2018073,2018108,2018108,2018,NA,10258,4003,4003,0,1853,33.74,11863,39.5,0.39,5,-99,NA,NA,NA,NA,NA,21,311,62,422,266,157,2,1,222,2,99,0,185,0,45,133,148,112,0.118,NA,NA,NA,NA,NA,NA,NA,NA,0,27255,27255,0,0,209116,209116,1583.5,2.3,164.6,29.1,38.6,33,64.3,11.4,15.1,12.9,103.6,55.4,40.4,21.6,104,27,15.2,15,11.9,407.6,62.3,352.1,86.6,265.6,1
11,11,1,1,1,"WH","WHAPS048","BADI1701","ND_Bari_Gom_32_sd_1_R1","BADI001","BADI1701",2017,"BD03338263",52.4,5.4,-4,2017324,2017329,2017333,2018040,2018079,2018079,2018,NA,12598,5339,5339,0,2006,34.05,15679,52.3,0.424,5.6,-99,NA,NA,NA,NA,NA,19,278,0,346,261,85,0,1,206,2,99,0,188,0,13,105,150,129,0.083,NA,NA,NA,NA,NA,NA,NA,NA,0,27283,27283,0,0,209512,209512,1186.8,1.5,NA,37.3,48.3,45.3,NA,15.8,20.5,19.2,127.2,67,53.9,28.4,115,25.5,13.3,13.3,11.8,407.4,NA,338.1,77.4,260.7,1
12,12,1,1,1,"WH","WHAPS048","BADI1701","ND_Bari_Gom_32_sd_2_R1","BADI001","BADI1701",2017,"BD03338263",52.4,5.4,-4,2017324,2017339,2017343,2018049,2018086,2018086,2018,NA,12369,5002,5002,0,2098,33.95,14735,49.1,0.404,5.7,-99,NA,NA,NA,NA,NA,20,291,0,375,274,101,0,1,190,2,99,0,195,0,14,113,155,133,0.091,NA,NA,NA,NA,NA,NA,NA,NA,0,27276,27276,0,0,209422,209422,1277.3,1.5,NA,35,45.1,42.5,NA,14.2,18.2,17.2,124.9,63.4,50.5,25.7,112,25.8,13.7,13.8,11.8,407.5,NA,353,78.9,274.1,1
13,13,1,1,1,"WH","WHAPS048","BADI1701","ND_Bari_Gom_32_sd_3_R1","BADI001","BADI1701",2017,"BD03338263",52.4,5.4,-4,2017324,2017349,2017354,2018056,2018094,2018094,2018,NA,11682,4630,4630,0,2101,36.21,12787,42.6,0.396,5.6,-99,NA,NA,NA,NA,NA,21,307,29,404,279,125,1,1,204,2,99,0,186,0,30,120,143,121,0.099,NA,NA,NA,NA,NA,NA,NA,NA,0,27268,27268,0,0,209320,209320,1379.4,1.8,401.5,31.8,41.8,38.1,159.1,12.6,16.6,15.1,118,62.8,46.8,24.9,110,26,14,14.2,11.8,407.5,29.1,367.7,88.2,279.5,1
14,14,1,1,1,"WH","WHAPS048","BADI1701","ND_Bari_Gom_32_sd_4_R1","BADI001","BADI1701",2017,"BD03338263",52.4,5.4,-4,2017324,2017359,2017364,2018063,2018100,2018100,2018,NA,11200,4595,4595,0,2047,37.08,12391,41.3,0.41,5.5,-99,NA,NA,NA,NA,NA,22,325,34,415,280,135,2,1,215,2,99,0,185,0,37,126,145,119,0.106,NA,NA,NA,NA,NA,NA,NA,NA,0,27263,27263,0,0,209240,209240,1459.2,1.9,334.3,31.1,40,34.4,137.2,12.7,16.4,14.1,113.1,60.5,46.4,24.8,106,26.4,14.4,14.6,11.8,407.6,33.5,360.6,80.3,280.3,1
15,15,1,1,1,"WH","WHAPS048","BADI1701","ND_Bari_Gom_32_sd_5_R1","BADI001","BADI1701",2017,"BD03338263",52.4,5.4,-4,2017324,2018004,2018011,2018070,2018106,2018106,2018,NA,9962,4016,4016,0,1718,34.18,11751,39.2,0.403,4.7,-99,NA,NA,NA,NA,NA,21,314,53,411,256,155,2,1,227,2,99,0,173,0,52,129,140,110,0.122,NA,NA,NA,NA,NA,NA,NA,NA,0,27259,27259,0,0,209144,209144,1555.3,2.2,189,29,38.9,31.7,76.2,11.7,15.7,12.8,100.6,57.6,40.6,23.2,102,26.9,15.1,14.9,11.9,407.6,52.7,343.6,87.5,256.1,1
16,16,1,1,1,"WH","WHAPS048","BADI1701","ND_Bari_Gom_33_sd_1_R1","BADI001","BADI1701",2017,"BD03338263",52.4,5.4,-4,2017324,2017329,2017333,2018043,2018082,2018082,2018,NA,12730,5304,5304,0,2196,34.36,15437,51.5,0.417,5.8,-99,NA,NA,NA,NA,NA,19,276,0,357,272,85,0,1,192,2,99,0,192,0,13,109,149,127,0.083,NA,NA,NA,NA,NA,NA,NA,NA,0,27280,27280,0,0,209476,209476,1223.5,1.7,NA,36.4,46.8,46.1,NA,15.2,19.5,19.2,128.6,66.3,53.6,27.6,118,25.7,13.4,13.5,11.8,407.4,NA,349.9,77.8,272.2,1
17,17,1,1,1,"WH","WHAPS048","BADI1701","ND_Bari_Gom_33_sd_2_R1","BADI001","BADI1701",2017,"BD03338263",52.4,5.4,-4,2017324,2017339,2017343,2018051,2018089,2018089,2018,NA,12462,4845,4845,0,2310,33.61,14417,48.1,0.389,6,-99,NA,NA,NA,NA,NA,21,306,19,383,282,101,0,1,215,2,99,0,199,0,14,116,153,130,0.09,NA,NA,NA,NA,NA,NA,NA,NA,0,27272,27272,0,0,209386,209386,1313.2,1.6,NA,34.6,44.2,40.7,NA,13.4,17.2,15.8,125.9,62.6,48.9,24.3,115,26,13.9,13.9,11.8,407.5,NA,360.3,78.3,282,1
18,18,1,1,1,"WH","WHAPS048","BADI1701","ND_Bari_Gom_33_sd_3_R1","BADI001","BADI1701",2017,"BD03338263",52.4,5.4,-4,2017324,2017349,2017354,2018058,2018095,2018095,2018,NA,11998,4668,4668,0,2276,35.56,13127,43.8,0.389,5.8,-99,NA,NA,NA,NA,NA,21,311,29,404,288,116,2,1,208,2,99,0,194,0,24,121,147,124,0.097,NA,NA,NA,NA,NA,NA,NA,NA,0,27267,27267,0,0,209313,209313,1385.6,1.7,412.3,32.6,41.6,38.6,160.4,12.7,16.2,15,121.2,61.8,47.2,24.1,111,26,14.1,14.2,11.8,407.5,29.1,368,79.6,288.4,1
19,19,1,1,1,"WH","WHAPS048","BADI1701","ND_Bari_Gom_33_sd_4_R1","BADI001","BADI1701",2017,"BD03338263",52.4,5.4,-4,2017324,2017359,2017364,2018065,2018102,2018102,2018,NA,11347,4540,4540,0,2167,35.57,12762,42.5,0.4,5.7,-99,NA,NA,NA,NA,NA,22,327,53,422,287,136,2,1,229,2,99,0,190,0,35,128,144,121,0.105,NA,NA,NA,NA,NA,NA,NA,NA,0,27260,27260,0,0,209214,209214,1484.7,1.9,222.1,30.9,39.6,34.7,88.8,12.4,15.8,13.9,114.6,59.7,45.9,23.9,108,26.5,14.6,14.6,11.8,407.6,51.1,367.4,80.7,286.6,1
20,20,1,1,1,"WH","WHAPS048","BADI1701","ND_Bari_Gom_33_sd_5_R1","BADI001","BADI1701",2017,"BD03338263",52.4,5.4,-4,2017324,2018004,2018011,2018072,2018108,2018108,2018,NA,10253,4097,4097,0,1873,33.43,12255,40.9,0.4,5.1,-99,NA,NA,NA,NA,NA,21,310,62,422,264,157,2,1,222,2,99,0,185,0,45,133,148,113,0.118,NA,NA,NA,NA,NA,NA,NA,NA,0,27255,27255,0,0,209115,209115,1584.2,2.3,164.6,29.2,38.8,33,65.8,11.7,15.5,13.2,103.6,55.4,41.4,22.1,104,27,15.2,15,11.9,407.6,62.3,351.5,87.1,264.4,1
21,1,1,1,1,"WH","WHAPS048","BADI1801","ND_Bari_Gom_26_sd_1_R1","BADI001","BADI1801",2018,"BD03338263",52.4,5.4,-4,2018324,2018329,2018333,2019037,2019079,2019079,2019,NA,12773,5662,5662,0,1909,37.61,15054,50.2,0.443,5.2,-99,NA,NA,NA,NA,NA,19,285,37,389,295,94,1,5,201,2,99,0,187,0,14,104,152,131,0.085,NA,NA,NA,NA,NA,NA,NA,NA,0,27284,27284,0,0,209526,209526,1172.7,1.1,341.5,33.4,43.3,44.9,151.4,14.8,19.2,19.9,129,68.3,57.2,30.3,115,26.4,12.7,13.6,11.8,410.1,37.4,382.2,86.9,295.3,1
22,2,1,1,1,"WH","WHAPS048","BADI1801","ND_Bari_Gom_26_sd_2_R1","BADI001","BADI1801",2018,"BD03338263",52.4,5.4,-4,2018324,2018339,2018344,2019046,2019086,2019086,2019,NA,12318,5379,5379,0,1873,36.13,14887,49.6,0.437,5.1,-99,NA,NA,NA,NA,NA,20,295,37,404,294,110,1,1,201,2,99,0,192,0,16,111,156,134,0.095,NA,NA,NA,NA,NA,NA,NA,NA,0,27277,27277,0,0,209437,209437,1262.3,1.6,329.3,32.3,41.9,41.7,143.8,14.1,18.3,18.2,124.4,64.2,54.3,28,112,26.6,12.9,14.1,11.8,410.2,37.4,381,87,294,1
23,3,1,1,1,"WH","WHAPS048","BADI1801","ND_Bari_Gom_26_sd_3_R1","BADI001","BADI1801",2018,"BD03338263",52.4,5.4,-4,2018324,2018349,2018354,2019056,2019095,2019095,2019,NA,12409,5144,5144,0,2075,34.28,15007,50,0.415,5.5,-99,NA,NA,NA,NA,NA,20,299,53,424,303,121,1,1,201,2,99,0,198,0,19,120,160,137,0.1,NA,NA,NA,NA,NA,NA,NA,NA,0,27268,27268,0,0,209325,209325,1373.8,1.8,232.4,32.2,41,41.5,96.3,13.4,17,17.2,125.3,62.7,52,26,111,26.8,13.5,14.2,11.8,410.3,53.4,384.8,81.8,303,1
24,4,1,1,1,"WH","WHAPS048","BADI1801","ND_Bari_Gom_26_sd_4_R1","BADI001","BADI1801",2018,"BD03338263",52.4,5.4,-4,2018324,2018359,2018364,2019065,2019102,2019102,2019,NA,11831,4794,4794,0,2007,33.31,14389,48,0.405,5.3,-99,NA,NA,NA,NA,NA,19,289,93,429,289,140,7,1,219,2,99,0,195,0,26,125,155,133,0.107,NA,NA,NA,NA,NA,NA,NA,NA,0,27264,27264,0,0,209247,209247,1451.9,1.8,143.1,31.7,40.9,40.9,58,12.8,16.6,16.6,119.5,60.7,48.4,24.6,108,27.1,14.1,14.7,11.8,410.3,82.7,373.4,84.1,289.3,1
25,5,1,1,1,"WH","WHAPS048","BADI1801","ND_Bari_Gom_26_sd_5_R1","BADI001","BADI1801",2018,"BD03338263",52.4,5.4,-4,2018324,2019004,2019009,2019073,2019110,2019110,2019,NA,11282,4505,4505,0,1946,34.89,12910,43,0.399,5.2,-99,NA,NA,NA,NA,NA,18,273,164,425,266,159,30,1,255,2,99,0,185,0,43,132,148,121,0.117,NA,NA,NA,NA,NA,NA,NA,NA,0,27256,27256,0,0,209130,209130,1569.4,2.1,73.4,31.5,42.4,41.3,29.3,12.6,16.9,16.5,114,61,45.5,24.4,106,27.5,15.3,15,11.9,410.4,153.8,357.7,91.9,265.9,1
26,6,1,1,1,"WH","WHAPS048","BADI1801","ND_Bari_Gom_30_sd_1_R1","BADI001","BADI1801",2018,"BD03338263",52.4,5.4,-4,2018324,2018329,2018333,2019039,2019080,2019080,2019,NA,13038,5637,5637,0,2150,37.31,15112,50.4,0.432,5.7,-99,NA,NA,NA,NA,NA,20,292,37,402,307,95,1,4,198,2,99,0,189,0,14,106,148,126,0.09,NA,NA,NA,NA,NA,NA,NA,NA,0,27282,27282,0,0,209512,209512,1186.8,1.2,348.6,33.4,42.4,44.7,150.7,14.4,18.3,19.3,131.7,69,56.9,29.8,116,26.4,12.8,13.7,11.8,410.1,37.4,390.6,83.3,307.3,1
27,7,1,1,1,"WH","WHAPS048","BADI1801","ND_Bari_Gom_30_sd_2_R1","BADI001","BADI1801",2018,"BD03338263",52.4,5.4,-4,2018324,2018339,2018344,2019049,2019088,2019088,2019,NA,12867,5427,5427,0,2198,37.62,14426,48.1,0.422,5.7,-99,NA,NA,NA,NA,NA,20,305,37,423,314,109,0,1,193,2,99,0,196,0,14,113,154,132,0.089,NA,NA,NA,NA,NA,NA,NA,NA,0,27275,27275,0,0,209426,209426,1272.7,1.4,344,32.5,40.9,42.2,145.1,13.7,17.3,17.8,130,65.7,54.8,27.7,114,26.6,12.9,14.1,11.8,410.2,37.4,396.4,82.1,314.3,1
28,8,1,1,1,"WH","WHAPS048","BADI1801","ND_Bari_Gom_30_sd_3_R1","BADI001","BADI1801",2018,"BD03338263",52.4,5.4,-4,2018324,2018349,2018354,2019058,2019096,2019096,2019,NA,12866,5145,5145,0,2358,34.34,14985,49.9,0.4,5.9,-99,NA,NA,NA,NA,NA,21,315,58,433,320,113,1,1,212,2,99,0,206,0,14,122,161,137,0.094,NA,NA,NA,NA,NA,NA,NA,NA,0,27266,27266,0,0,209317,209317,1382.2,1.8,240.9,32.6,40.2,40.9,96.3,13,16.1,16.4,130,62.5,52,25,112,26.8,13.6,14.2,11.8,410.3,53.4,394.3,74.3,320,1
29,9,1,1,1,"WH","WHAPS048","BADI1801","ND_Bari_Gom_30_sd_4_R1","BADI001","BADI1801",2018,"BD03338263",52.4,5.4,-4,2018324,2018359,2018364,2019067,2019104,2019104,2019,NA,12263,4737,4737,0,2262,33.84,13998,46.7,0.386,5.8,-99,NA,NA,NA,NA,NA,20,298,97,437,304,132,8,1,224,2,99,0,203,0,22,129,153,130,0.102,NA,NA,NA,NA,NA,NA,NA,NA,0,27260,27260,0,0,209215,209215,1483.7,2,148.3,31.9,40.3,41.2,57.3,12.3,15.6,15.9,123.9,60.4,47.8,23.3,110,27.1,14.3,14.8,11.9,410.3,82.7,384.4,79.9,304.5,1
30,10,1,1,1,"WH","WHAPS048","BADI1801","ND_Bari_Gom_30_sd_5_R1","BADI001","BADI1801",2018,"BD03338263",52.4,5.4,-4,2018324,2019004,2019009,2019075,2019111,2019111,2019,NA,11856,4541,4541,0,2255,34.12,13309,44.4,0.383,5.9,-99,NA,NA,NA,NA,NA,19,276,164,431,282,149,30,1,252,2,99,0,198,0,34,136,151,117,0.111,NA,NA,NA,NA,NA,NA,NA,NA,0,27253,27253,0,0,209107,209107,1591.6,2.7,77.1,32.6,42.1,43,29.5,12.5,16.1,16.5,119.8,59.9,45.9,22.9,107,27.6,15.4,15.1,11.9,410.4,153.8,363.7,81.8,281.9,1
31,11,1,1,1,"WH","WHAPS048","BADI1801","ND_Bari_Gom_32_sd_1_R1","BADI001","BADI1801",2018,"BD03338263",52.4,5.4,-4,2018324,2018329,2018333,2019036,2019078,2019078,2019,NA,12915,5693,5693,0,2012,38.59,14752,49.2,0.441,5.5,-99,NA,NA,NA,NA,NA,19,282,37,390,299,92,1,4,199,2,99,0,187,0,14,104,150,128,0.092,NA,NA,NA,NA,NA,NA,NA,NA,0,27285,27285,0,0,209538,209538,1161.3,1.2,345.3,33.7,43.2,45.8,152.2,14.9,19,20.2,130.5,69.1,57.5,30.4,114,26.4,12.7,13.6,11.8,410.1,37.4,383.1,84.2,298.9,1
32,12,1,1,1,"WH","WHAPS048","BADI1801","ND_Bari_Gom_32_sd_2_R1","BADI001","BADI1801",2018,"BD03338263",52.4,5.4,-4,2018324,2018339,2018344,2019045,2019085,2019085,2019,NA,12534,5447,5447,0,1958,36.99,14726,49.1,0.435,5.4,-99,NA,NA,NA,NA,NA,20,297,37,405,299,106,1,1,202,2,99,0,193,0,15,111,155,134,0.091,NA,NA,NA,NA,NA,NA,NA,NA,0,27278,27278,0,0,209451,209451,1247.8,1.5,335.1,32.8,41.9,42.2,145.6,14.3,18.2,18.3,126.6,64.9,55,28.2,111,26.6,12.8,14.1,11.8,410.2,37.4,381.7,82.6,299.1,1
33,13,1,1,1,"WH","WHAPS048","BADI1801","ND_Bari_Gom_32_sd_3_R1","BADI001","BADI1801",2018,"BD03338263",52.4,5.4,-4,2018324,2018349,2018354,2019055,2019094,2019094,2019,NA,12750,5308,5308,0,2243,37.84,14026,46.8,0.416,5.8,-99,NA,NA,NA,NA,NA,21,312,53,428,312,116,1,1,210,2,99,0,202,0,15,120,162,138,0.096,NA,NA,NA,NA,NA,NA,NA,NA,0,27268,27268,0,0,209339,209339,1359.5,1.7,238.8,32.8,40.9,40.8,99.4,13.7,17,17,128.8,63.1,53.6,26.3,110,26.8,13.4,14.2,11.8,410.3,53.4,388.8,76.8,312,1
34,14,1,1,1,"WH","WHAPS048","BADI1801","ND_Bari_Gom_32_sd_4_R1","BADI001","BADI1801",2018,"BD03338263",52.4,5.4,-4,2018324,2018359,2018364,2019064,2019102,2019102,2019,NA,12051,4900,4900,0,2099,34.42,14236,47.5,0.407,5.6,-99,NA,NA,NA,NA,NA,20,296,93,437,298,140,7,1,218,2,99,0,200,0,22,126,157,134,0.104,NA,NA,NA,NA,NA,NA,NA,NA,0,27263,27263,0,0,209243,209243,1455.5,1.9,145.7,31.6,40.5,40.7,59.3,12.9,16.5,16.6,121.7,60.3,49.5,24.5,108,27.1,14.1,14.7,11.8,410.3,82.7,380.8,83.1,297.7,1
35,15,1,1,1,"WH","WHAPS048","BADI1801","ND_Bari_Gom_32_sd_5_R1","BADI001","BADI1801",2018,"BD03338263",52.4,5.4,-4,2018324,2019004,2019009,2019072,2019109,2019109,2019,NA,11567,4599,4599,0,2062,35.91,12805,42.7,0.398,5.5,-99,NA,NA,NA,NA,NA,19,282,164,431,274,157,30,1,258,2,99,0,190,0,39,132,150,123,0.113,NA,NA,NA,NA,NA,NA,NA,NA,0,27256,27256,0,0,209138,209138,1560.6,2.6,75.2,32.3,42.2,41.1,29.9,12.8,16.8,16.3,116.8,60.9,46.5,24.2,105,27.4,15.2,15,11.9,410.4,153.8,358.4,84,274.4,1
36,16,1,1,1,"WH","WHAPS048","BADI1801","ND_Bari_Gom_33_sd_1_R1","BADI001","BADI1801",2018,"BD03338263",52.4,5.4,-4,2018324,2018329,2018333,2019040,2019081,2019081,2019,NA,13081,5713,5713,0,2181,37.3,15316,51.1,0.437,5.7,-99,NA,NA,NA,NA,NA,20,292,37,403,309,94,1,4,196,2,99,0,191,0,13,107,149,127,0.09,NA,NA,NA,NA,NA,NA,NA,NA,0,27281,27281,0,0,209500,209500,1199.1,1.3,349.8,33.1,42.4,44.8,152.8,14.4,18.5,19.6,132.1,68.5,57.7,29.9,117,26.5,12.8,13.7,11.8,410.1,37.4,395.8,87,308.8,1
37,17,1,1,1,"WH","WHAPS048","BADI1801","ND_Bari_Gom_33_sd_2_R1","BADI001","BADI1801",2018,"BD03338263",52.4,5.4,-4,2018324,2018339,2018344,2019048,2019088,2019088,2019,NA,12912,5437,5437,0,2188,35.91,15141,50.5,0.421,5.8,-99,NA,NA,NA,NA,NA,20,305,37,423,314,109,1,1,192,2,99,0,196,0,14,113,156,134,0.089,NA,NA,NA,NA,NA,NA,NA,NA,0,27275,27275,0,0,209426,209426,1272.5,1.4,345.3,32.6,41.1,42.3,145.4,13.7,17.3,17.8,130.4,65.9,54.9,27.7,114,26.6,12.9,14.1,11.8,410.2,37.4,396.4,82.1,314.2,1
38,18,1,1,1,"WH","WHAPS048","BADI1801","ND_Bari_Gom_33_sd_3_R1","BADI001","BADI1801",2018,"BD03338263",52.4,5.4,-4,2018324,2018349,2018354,2019058,2019097,2019097,2019,NA,12879,5187,5187,0,2425,34.74,14931,49.8,0.403,5.9,-99,NA,NA,NA,NA,NA,21,314,58,437,320,117,1,1,207,2,99,0,207,0,14,124,161,138,0.094,NA,NA,NA,NA,NA,NA,NA,NA,0,27265,27265,0,0,209303,209303,1395.8,1.8,222.8,32.6,40.2,41,89.7,13.1,16.2,16.5,130.1,62.2,52.4,25.1,113,26.7,13.6,14.2,11.8,410.3,57.8,395.2,75.2,320,1
39,19,1,1,1,"WH","WHAPS048","BADI1801","ND_Bari_Gom_33_sd_4_R1","BADI001","BADI1801",2018,"BD03338263",52.4,5.4,-4,2018324,2018359,2018364,2019067,2019105,2019105,2019,NA,12355,4819,4819,0,2344,34.53,13957,46.5,0.39,5.8,-99,NA,NA,NA,NA,NA,20,296,102,440,306,134,8,1,224,2,99,0,206,0,21,130,156,132,0.102,NA,NA,NA,NA,NA,NA,NA,NA,0,27258,27258,0,0,209201,209201,1498.2,2.1,142.3,32,40.4,41.7,55.5,12.5,15.7,16.3,124.8,60,48.7,23.4,111,27.1,14.3,14.8,11.9,410.3,86.8,385.8,79.7,306,1
40,20,1,1,1,"WH","WHAPS048","BADI1801","ND_Bari_Gom_33_sd_5_R1","BADI001","BADI1801",2018,"BD03338263",52.4,5.4,-4,2018324,2019004,2019009,2019075,2019111,2019111,2019,NA,11937,4608,4608,0,2283,35.02,13160,43.9,0.386,5.9,-99,NA,NA,NA,NA,NA,19,275,164,431,283,149,30,1,252,2,99,0,197,0,35,136,152,122,0.111,NA,NA,NA,NA,NA,NA,NA,NA,0,27253,27253,0,0,209107,209107,1591.7,2.7,77.6,32.8,42.2,43.3,30,12.7,16.3,16.7,120.6,60.6,46.5,23.4,107,27.6,15.4,15.1,11.9,410.4,153.8,363.6,81.1,282.6,1
41,1,1,1,1,"WH","WHAPS048","BADI1901","ND_Bari_Gom_26_sd_1_R1","BADI001","BADI1901",2019,"BD03338263",52.4,5.4,-4,2019324,2019329,2019333,2020044,2020084,2020084,2020,NA,13537,5597,5597,0,2091,34.03,16449,54.8,0.413,5.5,-99,NA,NA,NA,NA,NA,14,202,46,289,196,92,1,1,232,2,99,0,190,0,13,106,153,129,0.081,NA,NA,NA,NA,NA,NA,NA,NA,0,27282,27282,0,0,209524,209524,1175,1.6,294.9,48.7,68.9,67,121.9,20.1,28.5,27.7,136.7,71.2,56.5,29.5,120,22.3,14.3,12.9,11.8,412.8,45.9,277.9,81.5,196.4,1
42,2,1,1,1,"WH","WHAPS048","BADI1901","ND_Bari_Gom_26_sd_2_R1","BADI001","BADI1901",2019,"BD03338263",52.4,5.4,-4,2019324,2019339,2019344,2020052,2020091,2020091,2020,NA,12723,5433,5433,0,1972,35.26,15409,51.4,0.427,5.4,-99,NA,NA,NA,NA,NA,15,216,46,317,205,112,0,1,219,2,99,0,196,0,14,113,156,134,0.091,NA,NA,NA,NA,NA,NA,NA,NA,0,27275,27275,0,0,209429,209429,1269.7,2.1,277.2,43.3,62.2,58.8,118.4,18.5,26.6,25.1,128.5,64.9,54.9,27.7,117,22.8,14.3,13.4,11.8,412.8,45.9,293.6,89.1,204.5,1
43,3,1,1,1,"WH","WHAPS048","BADI1901","ND_Bari_Gom_26_sd_3_R1","BADI001","BADI1901",2019,"BD03338263",52.4,5.4,-4,2019324,2019349,2019355,2020059,2020097,2020097,2020,NA,12214,5177,5177,0,1961,35.4,14626,48.8,0.424,5.4,-99,NA,NA,NA,NA,NA,16,230,46,341,215,126,0,1,207,2,99,0,189,0,26,118,152,130,0.101,NA,NA,NA,NA,NA,NA,NA,NA,0,27271,27271,0,0,209350,209350,1348.6,2.4,266.1,40.3,56.7,53.2,112.8,17.1,24,22.6,123.4,64.6,52.3,27.4,113,23.5,14.5,14,11.8,412.9,45.9,303.3,87.8,215.4,1
44,4,1,1,1,"WH","WHAPS048","BADI1901","ND_Bari_Gom_26_sd_4_R1","BADI001","BADI1901",2019,"BD03338263",52.4,5.4,-4,2019324,2019359,2019365,2020067,2020104,2020104,2020,NA,11111,4616,4616,0,1770,33.68,13707,45.7,0.415,4.9,-99,NA,NA,NA,NA,NA,18,262,47,382,228,154,0,1,200,2,99,0,182,0,38,123,141,119,0.108,NA,NA,NA,NA,NA,NA,NA,NA,0,27265,27265,0,0,209262,209262,1437,2.2,239.5,33.6,48.8,42.4,99.5,14,20.3,17.6,112.2,61,46.6,25.4,110,24.7,15,14.7,11.9,413,46.4,330.4,102.6,227.9,1
45,5,1,1,1,"WH","WHAPS048","BADI1901","ND_Bari_Gom_26_sd_5_R1","BADI001","BADI1901",2019,"BD03338263",52.4,5.4,-4,2019324,2020004,2020009,2020075,2020111,2020111,2020,NA,11205,4457,4457,0,1951,33.65,13244,44.1,0.398,5.2,-99,NA,NA,NA,NA,NA,20,286,90,413,249,164,3,1,233,2,99,0,188,0,39,131,148,125,0.112,NA,NA,NA,NA,NA,NA,NA,NA,0,27257,27257,0,0,209164,209164,1534.6,2.7,138.5,32.9,45,39.2,55.1,13.1,17.9,15.6,113.2,59.6,45,23.7,107,25.7,15.7,15.1,11.9,413,80.9,340.5,91.7,248.8,1
46,6,1,1,1,"WH","WHAPS048","BADI1901","ND_Bari_Gom_30_sd_1_R1","BADI001","BADI1901",2019,"BD03338263",52.4,5.4,-4,2019324,2019329,2019333,2020045,2020086,2020086,2020,NA,13475,5509,5509,0,2243,35.32,15596,52,0.409,5.7,-99,NA,NA,NA,NA,NA,13,188,46,289,202,87,0,1,218,2,99,0,194,0,12,109,149,126,0.079,NA,NA,NA,NA,NA,NA,NA,NA,0,27279,27279,0,0,209499,209499,1200.3,1.6,293.6,47.8,66.7,71.7,120,19.5,27.3,29.3,136.1,69.5,55.6,28.4,122,22.4,14.3,13,11.8,412.8,45.9,282,79.8,202.1,1
47,7,1,1,1,"WH","WHAPS048","BADI1901","ND_Bari_Gom_30_sd_2_R1","BADI001","BADI1901",2019,"BD03338263",52.4,5.4,-4,2019324,2019339,2019344,2020053,2020092,2020092,2020,NA,12893,5261,5261,0,2221,35.28,14911,49.7,0.408,5.9,-99,NA,NA,NA,NA,NA,15,211,46,313,211,102,0,1,217,2,99,0,199,0,14,116,153,130,0.088,NA,NA,NA,NA,NA,NA,NA,NA,0,27273,27273,0,0,209412,209412,1287.2,2.1,280.9,44.4,61,61,114.6,18.1,24.9,24.9,130.2,64.8,53.1,26.4,118,22.9,14.3,13.5,11.8,412.8,45.9,290.2,78.8,211.4,1
48,8,1,1,1,"WH","WHAPS048","BADI1901","ND_Bari_Gom_30_sd_3_R1","BADI001","BADI1901",2019,"BD03338263",52.4,5.4,-4,2019324,2019349,2019355,2020061,2020098,2020098,2020,NA,12561,5032,5032,0,2206,34.38,14635,48.8,0.401,5.9,-99,NA,NA,NA,NA,NA,17,243,46,355,226,129,0,1,207,2,99,0,197,0,20,120,152,128,0.097,NA,NA,NA,NA,NA,NA,NA,NA,0,27268,27268,0,0,209339,209339,1359.9,2.2,273.7,40.3,55.5,51.7,109.6,16.2,22.2,20.7,126.9,63.8,50.8,25.5,114,23.6,14.6,14.1,11.8,412.9,45.9,311.3,85.1,226.2,1
49,9,1,1,1,"WH","WHAPS048","BADI1901","ND_Bari_Gom_30_sd_4_R1","BADI001","BADI1901",2019,"BD03338263",52.4,5.4,-4,2019324,2019359,2019365,2020068,2020105,2020105,2020,NA,11620,4722,4722,0,2026,35.09,13459,44.9,0.406,5.5,-99,NA,NA,NA,NA,NA,18,264,47,381,243,138,0,1,203,2,99,0,192,0,31,126,144,121,0.104,NA,NA,NA,NA,NA,NA,NA,NA,0,27262,27262,0,0,209247,209247,1452.3,2.3,250.4,35.3,47.9,44.1,101.8,14.3,19.5,17.9,117.4,60.5,47.7,24.6,111,24.8,15,14.8,11.9,413,46.4,329.5,86.9,242.6,1
50,10,1,1,1,"WH","WHAPS048","BADI1901","ND_Bari_Gom_30_sd_5_R1","BADI001","BADI1901",2019,"BD03338263",52.4,5.4,-4,2019324,2020004,2020009,2020076,2020112,2020112,2020,NA,11672,4485,4485,0,2219,33.35,13451,44.8,0.384,5.8,-99,NA,NA,NA,NA,NA,19,276,116,417,261,155,6,1,243,2,99,0,196,0,34,133,149,125,0.107,NA,NA,NA,NA,NA,NA,NA,NA,0,27256,27256,0,0,209158,209158,1540.8,2.3,135.9,33.8,44.7,42.3,52.2,13,17.2,16.3,117.9,59.5,45.3,22.9,108,25.7,15.8,15.1,11.9,413,85.9,345.2,83.9,261.4,1
51,11,1,1,1,"WH","WHAPS048","BADI1901","ND_Bari_Gom_32_sd_1_R1","BADI001","BADI1901",2019,"BD03338263",52.4,5.4,-4,2019324,2019329,2019333,2020042,2020083,2020083,2020,NA,13549,5613,5613,0,2166,35.11,15987,53.3,0.414,5.8,-99,NA,NA,NA,NA,NA,14,200,46,282,195,86,1,1,237,2,99,0,190,0,13,105,151,127,0.079,NA,NA,NA,NA,NA,NA,NA,NA,0,27283,27283,0,0,209539,209539,1160.5,1.6,295.2,50.1,69.4,67.7,122.3,20.8,28.8,28,136.9,71.3,56.7,29.5,119,22.3,14.3,12.9,11.8,412.8,45.9,270.3,75.1,195.1,1
52,12,1,1,1,"WH","WHAPS048","BADI1901","ND_Bari_Gom_32_sd_2_R1","BADI001","BADI1901",2019,"BD03338263",52.4,5.4,-4,2019324,2019339,2019344,2020051,2020090,2020090,2020,NA,12887,5472,5472,0,2101,36.7,14909,49.7,0.425,5.6,-99,NA,NA,NA,NA,NA,15,215,46,310,205,105,0,1,224,2,99,0,196,0,14,113,154,132,0.088,NA,NA,NA,NA,NA,NA,NA,NA,0,27276,27276,0,0,209442,209442,1257.2,2,280.8,44.9,62.8,60.1,119.2,19.1,26.6,25.5,130.2,65.8,55.3,27.9,116,22.7,14.3,13.4,11.8,412.8,45.9,286.8,81.5,205.3,1
53,13,1,1,1,"WH","WHAPS048","BADI1901","ND_Bari_Gom_32_sd_3_R1","BADI001","BADI1901",2019,"BD03338263",52.4,5.4,-4,2019324,2019349,2019355,2020058,2020096,2020096,2020,NA,12444,5282,5282,0,2064,36.38,14520,48.4,0.424,5.7,-99,NA,NA,NA,NA,NA,16,226,46,339,217,122,0,1,206,2,99,0,192,0,22,118,153,130,0.098,NA,NA,NA,NA,NA,NA,NA,NA,0,27271,27271,0,0,209360,209360,1338.6,2.3,271.1,41.4,57.4,55,115.1,17.6,24.4,23.4,125.7,64.8,53.4,27.5,112,23.4,14.5,13.9,11.8,412.9,45.9,300.7,84.1,216.6,1
54,14,1,1,1,"WH","WHAPS048","BADI1901","ND_Bari_Gom_32_sd_4_R1","BADI001","BADI1901",2019,"BD03338263",52.4,5.4,-4,2019324,2019359,2019365,2020065,2020103,2020103,2020,NA,11407,4699,4699,0,1920,35.02,13419,44.7,0.412,5.3,-99,NA,NA,NA,NA,NA,18,261,47,377,231,147,0,1,203,2,99,0,185,0,35,123,141,119,0.104,NA,NA,NA,NA,NA,NA,NA,NA,0,27265,27265,0,0,209277,209277,1422,2.1,250.2,35.5,49.4,43.8,103,14.6,20.4,18,115.2,61.7,47.5,25.4,109,24.6,14.9,14.7,11.9,413,45.6,321.8,91,230.8,1
55,15,1,1,1,"WH","WHAPS048","BADI1901","ND_Bari_Gom_32_sd_5_R1","BADI001","BADI1901",2019,"BD03338263",52.4,5.4,-4,2019324,2020004,2020009,2020073,2020110,2020110,2020,NA,11373,4494,4494,0,2075,35.06,12817,42.7,0.395,5.6,-99,NA,NA,NA,NA,NA,19,278,85,410,252,158,3,1,224,2,99,0,190,0,36,130,147,122,0.109,NA,NA,NA,NA,NA,NA,NA,NA,0,27259,27259,0,0,209188,209188,1511,2.1,156,33.7,45.2,40.9,61.6,13.3,17.9,16.2,114.9,59.9,45.4,23.7,106,25.6,15.6,15.1,11.9,413,72.9,337.9,86.4,251.5,1
56,16,1,1,1,"WH","WHAPS048","BADI1901","ND_Bari_Gom_33_sd_1_R1","BADI001","BADI1901",2019,"BD03338263",52.4,5.4,-4,2019324,2019329,2019333,2020045,2020086,2020086,2020,NA,13463,5523,5523,0,2303,35.34,15626,52.1,0.41,5.8,-99,NA,NA,NA,NA,NA,13,187,46,289,202,87,0,1,217,2,99,0,194,0,12,109,149,126,0.079,NA,NA,NA,NA,NA,NA,NA,NA,0,27279,27279,0,0,209498,209498,1200.6,1.6,293.3,47.8,66.6,71.9,120.3,19.6,27.3,29.5,136,69.4,55.8,28.5,122,22.4,14.3,13,11.8,412.8,45.9,281.7,79.6,202.1,1
57,17,1,1,1,"WH","WHAPS048","BADI1901","ND_Bari_Gom_33_sd_2_R1","BADI001","BADI1901",2019,"BD03338263",52.4,5.4,-4,2019324,2019339,2019344,2020053,2020092,2020092,2020,NA,12981,5493,5493,0,2301,36.83,14916,49.7,0.423,5.9,-99,NA,NA,NA,NA,NA,15,218,46,316,213,102,1,1,221,2,99,0,199,0,14,115,154,131,0.087,NA,NA,NA,NA,NA,NA,NA,NA,0,27273,27273,0,0,209417,209417,1282.1,2,282.8,44.4,60.8,59.6,119.7,18.8,25.7,25.2,131.1,65.2,55.5,27.6,118,22.9,14.3,13.5,11.8,412.8,45.9,292.6,79.3,213.3,1
58,18,1,1,1,"WH","WHAPS048","BADI1901","ND_Bari_Gom_33_sd_3_R1","BADI001","BADI1901",2019,"BD03338263",52.4,5.4,-4,2019324,2019349,2019355,2020060,2020098,2020098,2020,NA,12578,5182,5182,0,2235,35.87,14448,48.2,0.412,5.9,-99,NA,NA,NA,NA,NA,17,243,46,352,225,127,0,1,210,2,99,0,199,0,19,120,155,131,0.097,NA,NA,NA,NA,NA,NA,NA,NA,0,27268,27268,0,0,209337,209337,1362,2.2,274,40.8,55.9,51.8,112.9,16.8,23,21.3,127.1,63.2,52.3,26,114,23.6,14.6,14.1,11.8,412.9,45.9,308.6,83.5,225.1,1
59,19,1,1,1,"WH","WHAPS048","BADI1901","ND_Bari_Gom_33_sd_4_R1","BADI001","BADI1901",2019,"BD03338263",52.4,5.4,-4,2019324,2019359,2019365,2020068,2020105,2020105,2020,NA,11697,4786,4786,0,2069,34.96,13691,45.6,0.409,5.5,-99,NA,NA,NA,NA,NA,18,263,47,382,245,137,0,1,201,2,99,0,196,0,27,126,147,124,0.103,NA,NA,NA,NA,NA,NA,NA,NA,0,27262,27262,0,0,209247,209247,1451.6,2.2,252.1,35.4,47.8,44.4,103.1,14.5,19.6,18.2,118.2,59.7,48.3,24.4,111,24.8,15,14.8,11.9,413,46.4,330.4,85.8,244.7,1
60,20,1,1,1,"WH","WHAPS048","BADI1901","ND_Bari_Gom_33_sd_5_R1","BADI001","BADI1901",2019,"BD03338263",52.4,5.4,-4,2019324,2020004,2020009,2020075,2020112,2020112,2020,NA,11750,4534,4534,0,2252,34.08,13304,44.3,0.386,5.8,-99,NA,NA,NA,NA,NA,19,281,116,417,262,155,7,1,247,2,99,0,198,0,31,133,152,129,0.107,NA,NA,NA,NA,NA,NA,NA,NA,0,27256,27256,0,0,209163,209163,1535.8,2.1,136.8,34,44.8,41.9,52.8,13.1,17.3,16.1,118.7,59.3,45.8,22.9,108,25.7,15.8,15.1,11.9,413,85.9,345.4,83.2,262.2,1
61,1,1,1,1,"WH","WHAPS048","BADI2001","ND_Bari_Gom_26_sd_1_R1","BADI001","BADI2001",2020,"BD03338263",52.4,5.4,-4,2020324,2020329,2020333,2021038,2021078,2021078,2021,NA,13253,5645,5645,0,1876,32.46,17392,58,0.426,5.1,-99,NA,NA,NA,NA,NA,20,296,0,373,279,94,0,2,195,2,99,0,187,0,14,104,154,131,0.085,NA,NA,NA,NA,NA,NA,NA,NA,0,27284,27284,0,0,209518,209518,1180.6,1.1,NA,36.2,47.4,44.8,NA,15.4,20.2,19.1,133.9,70.9,57,30.2,115,25.7,13.4,13.8,11.8,415.1,NA,365.8,86.4,279.4,1
62,2,1,1,1,"WH","WHAPS048","BADI2001","ND_Bari_Gom_26_sd_2_R1","BADI001","BADI2001",2020,"BD03338263",52.4,5.4,-4,2020324,2020339,2020343,2021048,2021087,2021087,2021,NA,13009,5145,5145,0,2213,32.7,15733,52.4,0.396,5.9,-99,NA,NA,NA,NA,NA,21,317,0,404,292,112,0,2,186,2,99,0,196,0,15,114,155,130,0.091,NA,NA,NA,NA,NA,NA,NA,NA,0,27274,27274,0,0,209401,209401,1298.2,1.5,NA,34.6,44.6,41.1,NA,13.7,17.6,16.2,131.4,66.4,52,26.2,114,26.3,13.8,14.4,11.8,415.2,NA,376.1,84.5,291.7,1
63,3,1,1,1,"WH","WHAPS048","BADI2001","ND_Bari_Gom_26_sd_3_R1","BADI001","BADI2001",2020,"BD03338263",52.4,5.4,-4,2020324,2020349,2020354,2021056,2021094,2021094,2021,NA,12092,4690,4690,0,2125,31.53,14875,49.6,0.388,5.8,-99,NA,NA,NA,NA,NA,22,328,0,418,299,120,0,2,183,2,99,0,194,0,23,120,149,125,0.101,NA,NA,NA,NA,NA,NA,NA,NA,0,27268,27268,0,0,209310,209310,1389.1,1.7,NA,31.8,40.5,36.9,NA,12.3,15.7,14.3,122.1,62.3,47.4,24.2,111,26.8,14,15.2,11.8,415.2,NA,380.7,81.9,298.8,1
64,4,1,1,1,"WH","WHAPS048","BADI2001","ND_Bari_Gom_26_sd_4_R1","BADI001","BADI2001",2020,"BD03338263",52.4,5.4,-4,2020324,2020359,2020364,2021064,2021100,2021100,2021,NA,11266,4328,4328,0,2021,31.61,13691,45.6,0.384,5.5,-99,NA,NA,NA,NA,NA,24,356,7,445,300,144,0,2,192,2,99,0,189,0,33,125,144,121,0.107,NA,NA,NA,NA,NA,NA,NA,NA,0,27263,27263,0,0,209230,209230,1468.7,1.8,1609.5,29.1,37.5,31.6,618.3,11.2,14.4,12.2,113.8,59.6,43.7,22.9,107,27.4,14.6,15.5,11.8,415.3,7,386.9,86.5,300.3,1
65,5,1,1,1,"WH","WHAPS048","BADI2001","ND_Bari_Gom_26_sd_5_R1","BADI001","BADI2001",2020,"BD03338263",52.4,5.4,-4,2020324,2021004,2021008,2021073,2021108,2021108,2021,NA,10875,3888,3888,0,2126,31.64,12287,41,0.358,5.5,-99,NA,NA,NA,NA,NA,25,374,22,471,307,164,0,2,198,2,99,0,192,0,38,134,149,112,0.113,NA,NA,NA,NA,NA,NA,NA,NA,0,27254,27254,0,0,209114,209114,1585.1,2.1,498.8,27.4,35.5,29.1,178.3,9.8,12.7,10.4,109.8,56.6,39.3,20.2,104,28.1,15.5,16.2,11.9,415.3,21.8,397.4,90.8,306.6,1
66,6,1,1,1,"WH","WHAPS048","BADI2001","ND_Bari_Gom_30_sd_1_R1","BADI001","BADI2001",2020,"BD03338263",52.4,5.4,-4,2020324,2020329,2020333,2021041,2021080,2021080,2021,NA,13738,5450,5450,0,2330,33.07,16481,54.9,0.397,6,-99,NA,NA,NA,NA,NA,20,300,0,383,296,87,0,2,191,2,99,0,191,0,13,107,151,126,0.082,NA,NA,NA,NA,NA,NA,NA,NA,0,27281,27281,0,0,209496,209496,1203.3,1.1,NA,36.6,46.5,45.8,NA,14.5,18.4,18.2,138.8,71.9,55.1,28.5,117,25.9,13.5,13.9,11.8,415.1,NA,375.2,79.8,295.5,1
67,7,1,1,1,"WH","WHAPS048","BADI2001","ND_Bari_Gom_30_sd_2_R1","BADI001","BADI2001",2020,"BD03338263",52.4,5.4,-4,2020324,2020339,2020343,2021051,2021088,2021088,2021,NA,12889,4959,4959,0,2430,34.25,14482,48.3,0.385,6.3,-99,NA,NA,NA,NA,NA,21,310,0,401,295,105,0,2,182,2,99,0,199,0,14,117,151,125,0.089,NA,NA,NA,NA,NA,NA,NA,NA,0,27272,27272,0,0,209385,209385,1314.3,1.5,NA,34.1,43.6,41.6,NA,13.1,16.8,16,130.2,64.8,50.1,24.9,115,26.3,13.8,14.5,11.8,415.2,NA,377.5,82,295.5,1
68,8,1,1,1,"WH","WHAPS048","BADI2001","ND_Bari_Gom_30_sd_3_R1","BADI001","BADI2001",2020,"BD03338263",52.4,5.4,-4,2020324,2020349,2020354,2021058,2021095,2021095,2021,NA,12195,4602,4602,0,2311,33.45,13759,45.9,0.377,6,-99,NA,NA,NA,NA,NA,23,340,0,432,308,124,0,2,181,2,99,0,202,0,18,123,150,125,0.097,NA,NA,NA,NA,NA,NA,NA,NA,0,27266,27266,0,0,209298,209298,1401.3,1.8,NA,31,39.6,35.9,NA,11.7,14.9,13.5,123.2,60.4,46.5,22.8,112,26.9,14,15.2,11.8,415.2,NA,393.8,85.6,308.2,1
69,9,1,1,1,"WH","WHAPS048","BADI2001","ND_Bari_Gom_30_sd_4_R1","BADI001","BADI2001",2020,"BD03338263",52.4,5.4,-4,2020324,2020359,2020364,2021066,2021102,2021102,2021,NA,11550,4251,4251,0,2230,31.75,13389,44.6,0.368,5.8,-99,NA,NA,NA,NA,NA,24,356,7,458,314,144,0,2,178,2,99,0,200,0,26,129,144,120,0.103,NA,NA,NA,NA,NA,NA,NA,NA,0,27259,27259,0,0,209203,209203,1495.8,1.8,1650,28.5,36.8,32.4,607.3,10.5,13.5,11.9,116.7,57.8,42.9,21.3,109,27.5,14.7,15.6,11.8,415.3,7,405.3,91.1,314.2,1
70,10,1,1,1,"WH","WHAPS048","BADI2001","ND_Bari_Gom_30_sd_5_R1","BADI001","BADI2001",2020,"BD03338263",52.4,5.4,-4,2020324,2021004,2021008,2021074,2021110,2021110,2021,NA,11149,3917,3917,0,2352,33.93,11547,38.5,0.351,5.8,-99,NA,NA,NA,NA,NA,25,379,22,485,320,165,0,2,189,2,99,0,199,0,34,137,146,107,0.11,NA,NA,NA,NA,NA,NA,NA,NA,0,27251,27251,0,0,209089,209089,1609.8,2,511.4,26.8,34.9,29.4,179.7,9.4,12.3,10.3,112.6,56,39.6,19.7,106,28.2,15.6,16.3,11.9,415.3,21.8,415.4,95.7,319.7,1
71,11,1,1,1,"WH","WHAPS048","BADI2001","ND_Bari_Gom_32_sd_1_R1","BADI001","BADI2001",2020,"BD03338263",52.4,5.4,-4,2020324,2020329,2020333,2021037,2021077,2021077,2021,NA,13526,5734,5734,0,2003,33.32,17209,57.4,0.424,5.5,-99,NA,NA,NA,NA,NA,20,297,0,374,284,90,0,2,196,2,99,0,187,0,14,104,152,129,0.082,NA,NA,NA,NA,NA,NA,NA,NA,0,27285,27285,0,0,209533,209533,1166.5,1.2,NA,37.3,47.6,45.6,NA,15.8,20.2,19.3,136.6,72.3,57.9,30.7,114,25.7,13.4,13.7,11.8,415.1,NA,362.7,78.7,284.1,1
72,12,1,1,1,"WH","WHAPS048","BADI2001","ND_Bari_Gom_32_sd_2_R1","BADI001","BADI2001",2020,"BD03338263",52.4,5.4,-4,2020324,2020339,2020343,2021047,2021086,2021086,2021,NA,13112,5209,5209,0,2296,33.96,15337,51.1,0.397,6.2,-99,NA,NA,NA,NA,NA,21,315,0,402,293,109,0,2,186,2,99,0,196,0,14,114,154,130,0.089,NA,NA,NA,NA,NA,NA,NA,NA,0,27275,27275,0,0,209415,209415,1283.7,1.4,NA,35,44.8,41.7,NA,13.9,17.8,16.5,132.4,66.9,52.6,26.6,113,26.2,13.8,14.4,11.8,415.2,NA,374.2,81.5,292.8,1
73,13,1,1,1,"WH","WHAPS048","BADI2001","ND_Bari_Gom_32_sd_3_R1","BADI001","BADI2001",2020,"BD03338263",52.4,5.4,-4,2020324,2020349,2020354,2021055,2021093,2021093,2021,NA,12238,4709,4709,0,2260,32.87,14324,47.7,0.385,5.9,-99,NA,NA,NA,NA,NA,22,330,0,420,301,119,0,2,184,2,99,0,195,0,22,120,147,123,0.098,NA,NA,NA,NA,NA,NA,NA,NA,0,27269,27269,0,0,209324,209324,1375.2,1.8,NA,32.1,40.7,37.1,NA,12.3,15.7,14.3,123.6,62.8,47.6,24.1,110,26.7,13.9,15.1,11.8,415.2,NA,381.8,81.3,300.6,1
74,14,1,1,1,"WH","WHAPS048","BADI2001","ND_Bari_Gom_32_sd_4_R1","BADI001","BADI2001",2020,"BD03338263",52.4,5.4,-4,2020324,2020359,2020364,2021063,2021100,2021100,2021,NA,11426,4318,4318,0,2135,33.01,13081,43.6,0.378,5.7,-99,NA,NA,NA,NA,NA,24,357,7,446,305,140,0,2,191,2,99,0,195,0,28,126,145,122,0.104,NA,NA,NA,NA,NA,NA,NA,NA,0,27262,27262,0,0,209233,209233,1466,1.7,1632.3,29.4,37.4,32.1,616.9,11.1,14.1,12.1,115.4,58.6,43.6,22.1,107,27.4,14.6,15.5,11.8,415.3,7,388.1,82.8,305.4,1
75,15,1,1,1,"WH","WHAPS048","BADI2001","ND_Bari_Gom_32_sd_5_R1","BADI001","BADI2001",2020,"BD03338263",52.4,5.4,-4,2020324,2021004,2021008,2021072,2021107,2021107,2021,NA,11055,3985,3985,0,2198,32.63,12212,40.7,0.361,5.6,-99,NA,NA,NA,NA,NA,25,371,22,467,312,155,0,2,199,2,99,0,194,0,36,134,147,115,0.111,NA,NA,NA,NA,NA,NA,NA,NA,0,27255,27255,0,0,209127,209127,1572.3,1.9,1579.3,28.1,35.4,29.8,569.3,10.1,12.8,10.7,111.7,57,40.3,20.5,103,28.1,15.5,16.1,11.9,415.3,7,393.5,81.2,312.3,1
76,16,1,1,1,"WH","WHAPS048","BADI2001","ND_Bari_Gom_33_sd_1_R1","BADI001","BADI2001",2020,"BD03338263",52.4,5.4,-4,2020324,2020329,2020333,2021041,2021081,2021081,2021,NA,13789,5551,5551,0,2363,33.28,16680,55.6,0.403,6,-99,NA,NA,NA,NA,NA,20,300,0,385,298,87,0,2,189,2,99,0,192,0,13,108,152,128,0.083,NA,NA,NA,NA,NA,NA,NA,NA,0,27280,27280,0,0,209483,209483,1216.3,1.2,NA,36.6,46.3,46,NA,14.7,18.7,18.5,139.3,71.8,56.1,28.9,118,25.9,13.6,13.9,11.8,415.1,NA,377.2,79.7,297.6,1
77,17,1,1,1,"WH","WHAPS048","BADI2001","ND_Bari_Gom_33_sd_2_R1","BADI001","BADI2001",2020,"BD03338263",52.4,5.4,-4,2020324,2020339,2020343,2021051,2021089,2021089,2021,NA,12939,5051,5051,0,2456,34.38,14693,49,0.39,6.3,-99,NA,NA,NA,NA,NA,21,310,0,402,298,103,0,2,181,2,99,0,201,0,14,118,152,127,0.089,NA,NA,NA,NA,NA,NA,NA,NA,0,27271,27271,0,0,209373,209373,1326.5,1.5,NA,34.2,43.4,41.8,NA,13.3,16.9,16.3,130.7,64.4,51,25.1,116,26.4,13.9,14.5,11.8,415.2,NA,378.6,80.5,298.1,1
78,18,1,1,1,"WH","WHAPS048","BADI2001","ND_Bari_Gom_33_sd_3_R1","BADI001","BADI2001",2020,"BD03338263",52.4,5.4,-4,2020324,2020349,2020354,2021058,2021096,2021096,2021,NA,12194,4604,4604,0,2377,32.22,14292,47.6,0.378,5.9,-99,NA,NA,NA,NA,NA,23,339,0,432,309,123,0,2,181,2,99,0,203,0,18,124,149,124,0.097,NA,NA,NA,NA,NA,NA,NA,NA,0,27265,27265,0,0,209284,209284,1415.5,1.9,NA,30.9,39.5,35.9,NA,11.7,14.9,13.6,123.2,60.1,46.5,22.7,113,26.9,14.1,15.3,11.8,415.2,NA,394.3,85.3,309,1
79,19,1,1,1,"WH","WHAPS048","BADI2001","ND_Bari_Gom_33_sd_4_R1","BADI001","BADI2001",2020,"BD03338263",52.4,5.4,-4,2020324,2020359,2020364,2021066,2021102,2021102,2021,NA,11589,4288,4288,0,2279,31.74,13513,45,0.37,5.8,-99,NA,NA,NA,NA,NA,24,356,7,458,315,143,0,2,179,2,99,0,202,0,24,129,146,122,0.102,NA,NA,NA,NA,NA,NA,NA,NA,0,27259,27259,0,0,209203,209203,1495.7,1.9,1655.6,28.6,36.8,32.5,612.6,10.6,13.6,12,117.1,57.4,43.3,21.2,109,27.5,14.7,15.6,11.8,415.3,7,404.5,89.4,315.1,1
80,20,1,1,1,"WH","WHAPS048","BADI2001","ND_Bari_Gom_33_sd_5_R1","BADI001","BADI2001",2020,"BD03338263",52.4,5.4,-4,2020324,2021004,2021008,2021074,2021110,2021110,2021,NA,11178,3912,3912,0,2403,32.33,12100,40.3,0.35,5.8,-99,NA,NA,NA,NA,NA,25,379,22,485,320,164,0,2,189,2,99,0,201,0,33,138,148,106,0.11,NA,NA,NA,NA,NA,NA,NA,NA,0,27251,27251,0,0,209090,209090,1609.4,1.9,512.7,26.9,34.9,29.5,179.4,9.4,12.2,10.3,112.9,55.6,39.5,19.5,106,28.2,15.6,16.3,11.9,415.3,21.8,415.1,94.8,320.3,1
